sample,label,classical_score,simulated_qml_score
1,1,0.6,0.9006
2,1,0.72,0.995
3,0,0.12,0.0612
4,1,0.6,0.9006
5,1,0.96,0.8268
6,0,0.0,0.0
7,1,1.62,1.795
8,0,0.12,0.0612
9,1,1.02,0.8612
10,0,0.0,0.0
11,0,0.36,0.4646
12,1,0.72,0.995
13,0,0.36,0.4646
14,1,0.96,0.8268
15,1,1.38,1.5081
16,0,0.24,0.2298
17,0,0.48,0.7081
18,0,0.12,0.0612
19,1,0.6,0.9006
20,1,0.96,0.8268
21,0,0.0,0.0
22,1,1.74,1.7682
23,1,1.5,1.7006
24,1,1.74,1.7682
25,0,0.48,0.7081
26,0,0.24,0.2298
27,1,1.02,0.8612
28,1,1.86,1.6268
29,1,1.5,1.7006
30,0,0.48,0.7081
31,1,1.02,0.8612
32,1,1.14,1.0298
33,1,1.14,1.0298
34,1,0.72,0.995
35,1,1.02,0.8612
36,1,1.5,1.7006
37,1,1.74,1.7682
38,0,0.12,0.0612
39,1,1.38,1.5081
40,0,0.12,0.0612
